tanggal,kurs_usd_idr
2024-08-22,15631.0
2024-08-23,15559.0
2024-08-24,15559.0
2024-08-25,15559.0
2024-08-26,15441.0
2024-08-27,15543.0
2024-08-28,15427.0
2024-08-29,15407.0
2024-08-30,15496.0
2024-08-31,15496.0
2024-09-01,15496.0
2024-09-02,15541.0
2024-09-03,15560.0
2024-09-04,15499.0
2024-09-05,15419.0
2024-09-06,15414.0
2024-09-07,15414.0
2024-09-08,15414.0
2024-09-09,15470.0
2024-09-10,15454.0
2024-09-11,15412.0
2024-09-12,15438.0
2024-09-13,15407.0
2024-09-14,15407.0
2024-09-15,15407.0
2024-09-16,15366.0
2024-09-17,15336.0
2024-09-18,15311.0
2024-09-19,15170.0
2024-09-20,15162.0
2024-09-21,15162.0
2024-09-22,15162.0
2024-09-23,15187.0
2024-09-24,15177.0
2024-09-25,15118.0
2024-09-26,15131.0
2024-09-27,15109.0
2024-09-28,15109.0
2024-09-29,15109.0
2024-09-30,15163.0
2024-10-01,15198.0
2024-10-02,15278.0
2024-10-03,15468.0
2024-10-04,15564.0
2024-10-05,15564.0
2024-10-06,15564.0
2024-10-07,15717.0
2024-10-08,15647.0
2024-10-09,15634.0
2024-10-10,15703.0
2024-10-11,15581.0
2024-10-12,15581.0
2024-10-13,15581.0
2024-10-14,15593.0
2024-10-15,15525.0
2024-10-16,15526.0
2024-10-17,15510.0
2024-10-18,15492.0
2024-10-19,15492.0
2024-10-20,15492.0
2024-10-21,15495.0
2024-10-22,15565.0
2024-10-23,15671.0
2024-10-24,15580.0
2024-10-25,15685.0
2024-10-26,15685.0
2024-10-27,15685.0
2024-10-28,15729.0
2024-10-29,15772.0
2024-10-30,15688.0
2024-10-31,15720.0
2024-11-01,15739.0
2024-11-02,15739.0
2024-11-03,15739.0
2024-11-04,15766.0
2024-11-05,15766.0
2024-11-06,15874.0
2024-11-07,15660.0
2024-11-08,15598.0
2024-11-09,15598.0
2024-11-10,15598.0
2024-11-11,15726.0
2024-11-12,15795.0
2024-11-13,15727.0
2024-11-14,15954.0
2024-11-15,15884.0
2024-11-16,15884.0
2024-11-17,15884.0
2024-11-18,15858.0
2024-11-19,15844.0
2024-11-20,15897.0
2024-11-21,15897.0
2024-11-22,15914.0
2024-11-23,15914.0
2024-11-24,15914.0
2024-11-25,15867.0
2024-11-26,15878.0
2024-11-27,15863.0
2024-11-28,15875.0
2024-11-29,15863.0
2024-11-30,15863.0
2024-12-01,15863.0
2024-12-02,15898.0
2024-12-03,15933.0
2024-12-04,15924.0
2024-12-05,15855.0
2024-12-06,15824.0
2024-12-07,15824.0
2024-12-08,15824.0
2024-12-09,15878.0
2024-12-10,15873.0
2024-12-11,15932.0
2024-12-12,15964.0
2024-12-13,16020.0
2024-12-14,16020.0
2024-12-15,16020.0
2024-12-16,16022.0
2024-12-17,16138.0
2024-12-18,16110.0
2024-12-19,16314.0
2024-12-20,16230.0
2024-12-21,16230.0
2024-12-22,16230.0
2024-12-23,16182.0
2024-12-24,16203.0
2024-12-25,16203.0
2024-12-26,16203.0
2024-12-27,16218.0
2024-12-28,16218.0
2024-12-29,16218.0
2024-12-30,16163.0
2024-12-31,16191.0
2025-01-01,16191.0
2025-01-02,16207.0
2025-01-03,16219.0
2025-01-04,16219.0
2025-01-05,16219.0
2025-01-06,16147.0
2025-01-07,16160.0
2025-01-08,16255.0
2025-01-09,16200.0
2025-01-10,16189.0
2025-01-11,16189.0
2025-01-12,16189.0
2025-01-13,16318.0
2025-01-14,16309.0
2025-01-15,16381.0
2025-01-16,16407.0
2025-01-17,16398.0
2025-01-18,16398.0
2025-01-19,16398.0
2025-01-20,16390.0
2025-01-21,16339.0
2025-01-22,16211.0
2025-01-23,16240.0
2025-01-24,16139.0
2025-01-25,16139.0
2025-01-26,16139.0
2025-01-27,16151.0
2025-01-28,16225.0
2025-01-29,16240.0
2025-01-30,16247.0
2025-01-31,16300.0
2025-02-01,16300.0
2025-02-02,16300.0
2025-02-03,16415.0
2025-02-04,16318.0
2025-02-05,16315.0
2025-02-06,16355.0
2025-02-07,16318.0
2025-02-08,16318.0
2025-02-09,16318.0
2025-02-10,16345.0
2025-02-11,16367.0
2025-02-12,16349.0
2025-02-13,16386.0
2025-02-14,16205.0
2025-02-15,16205.0
2025-02-16,16205.0
2025-02-17,16226.0
2025-02-18,16338.0
2025-02-19,16371.0
2025-02-20,16290.0
2025-02-21,16319.0
2025-02-22,16319.0
2025-02-23,16319.0
2025-02-24,16286.0
2025-02-25,16348.0
2025-02-26,16375.0
2025-02-27,16453.0
2025-02-28,16548.0
2025-03-01,16548.0
2025-03-02,16548.0
2025-03-03,16451.0
2025-03-04,16414.0
2025-03-05,16362.0
2025-03-06,16368.0
2025-03-07,16270.0
2025-03-08,16270.0
2025-03-09,16270.0
2025-03-10,16357.0
2025-03-11,16438.0
2025-03-12,16470.0
2025-03-13,16435.0
2025-03-14,16358.0
2025-03-15,16358.0
2025-03-16,16358.0
2025-03-17,16379.0
2025-03-18,16512.0
2025-03-19,16526.0
2025-03-20,16510.0
2025-03-21,16511.0
2025-03-22,16511.0
2025-03-23,16511.0
2025-03-24,16559.0
2025-03-25,16565.0
2025-03-26,16613.0
2025-03-27,16585.0
2025-03-28,16588.0
2025-03-29,16588.0
2025-03-30,16588.0
2025-03-31,16637.0
2025-04-01,16743.0
2025-04-02,16716.0
2025-04-03,16714.0
2025-04-04,16958.0
2025-04-05,16958.0
2025-04-06,16958.0
2025-04-07,16952.0
2025-04-08,16916.0
2025-04-09,16944.0
2025-04-10,16835.0
2025-04-11,16855.0
2025-04-12,16855.0
2025-04-13,16855.0
2025-04-14,16810.0
2025-04-15,16854.0
2025-04-16,16799.0
2025-04-17,16868.0
2025-04-18,16868.0
2025-04-19,16868.0
2025-04-20,16868.0
2025-04-21,16868.0
2025-04-22,16842.0
2025-04-23,16876.0
2025-04-24,16852.0
2025-04-25,16854.0
2025-04-26,16854.0
2025-04-27,16854.0
2025-04-28,16812.0
2025-04-29,16758.0
2025-04-30,16620.0
2025-05-01,16620.0
2025-05-02,16444.0
2025-05-03,16444.0
2025-05-04,16444.0
2025-05-05,16434.0
2025-05-06,16418.0
2025-05-07,16517.0
2025-05-08,16502.0
2025-05-09,16537.0
2025-05-10,16537.0
2025-05-11,16537.0
2025-05-12,16659.0
2025-05-13,16660.0
2025-05-14,16536.0
2025-05-15,16526.0
2025-05-16,16462.0
2025-05-17,16462.0
2025-05-18,16462.0
2025-05-19,16455.0
2025-05-20,16424.0
2025-05-21,16330.0
2025-05-22,16335.0
2025-05-23,16267.0
2025-05-24,16267.0
2025-05-25,16267.0
2025-05-26,16253.0
2025-05-27,16282.0
2025-05-28,16320.0
2025-05-29,16298.0
2025-05-30,16333.0
2025-05-31,16333.0
2025-06-01,16333.0
2025-06-02,16275.0
2025-06-03,16319.0
2025-06-04,16314.0
2025-06-05,16256.0
2025-06-06,16314.0
2025-06-07,16314.0
2025-06-08,16314.0
2025-06-09,16289.0
2025-06-10,16265.0
2025-06-11,16282.0
2025-06-12,16221.0
2025-06-13,16317.0
2025-06-14,16317.0
2025-06-15,16317.0
2025-06-16,16287.0
2025-06-17,16297.0
2025-06-18,16361.0
2025-06-19,16384.0
2025-06-20,16404.0
2025-06-21,16404.0
2025-06-22,16404.0
2025-06-23,16502.0
2025-06-24,16324.0
2025-06-25,16308.0
2025-06-26,16238.0
2025-06-27,16213.0
2025-06-28,16213.0
2025-06-29,16213.0
2025-06-30,16230.0
2025-07-01,16203.0
2025-07-02,16239.0
2025-07-03,16221.0
2025-07-04,16194.0
2025-07-05,16194.0
2025-07-06,16194.0
2025-07-07,16252.0
2025-07-08,16272.0
2025-07-09,16262.0
2025-07-10,16237.0
2025-07-11,16217.0
2025-07-12,16217.0
2025-07-13,16217.0
2025-07-14,16275.0
2025-07-15,16263.0
2025-07-16,16296.0
2025-07-17,16349.0
2025-07-18,16306.0
2025-07-19,16306.0
2025-07-20,16306.0
2025-07-21,16314.0
2025-07-22,16316.0
2025-07-23,16295.0
2025-07-24,16294.0
2025-07-25,16337.0
2025-07-26,16337.0
2025-07-27,16337.0
2025-07-28,16376.0
2025-07-29,16412.0
2025-07-30,16411.0
2025-07-31,16497.0
2025-08-01,16520.0
2025-08-02,16520.0
2025-08-03,16520.0
2025-08-04,16373.0
2025-08-05,16380.0
2025-08-06,16358.0
2025-08-07,16309.0
2025-08-08,16261.0
2025-08-09,16261.0
2025-08-10,16261.0
2025-08-11,16310.0
2025-08-12,16311.0
2025-08-13,16128.0
2025-08-14,16104.0
2025-08-15,16183.0
2025-08-16,16183.0
2025-08-17,16183.0
2025-08-18,16220.0
2025-08-19,16256.0
2025-08-20,16282.0
2025-08-21,16317.0
2025-08-22,16374.0
2025-08-23,16374.0
2025-08-24,16374.0
2025-08-25,16245.0
2025-08-26,16313.0
2025-08-27,16423.0
2025-08-28,16322.0
2025-08-29,16475.0
2025-08-30,16475.0
2025-08-31,16475.0
2025-09-01,16431.0
2025-09-02,16409.0
2025-09-03,16452.0
2025-09-04,16445.0
2025-09-05,16420.0
2025-09-06,16420.0
2025-09-07,16420.0
2025-09-08,16526.0
2025-09-09,16423.0
2025-09-10,16487.0
2025-09-11,16484.0
2025-09-12,16439.0
2025-09-13,16439.0
2025-09-14,16439.0
2025-09-15,16418.0
2025-09-16,16408.0
2025-09-17,16463.0
2025-09-18,16545.0
2025-09-19,16651.0
2025-09-20,16651.0
2025-09-21,16651.0
2025-09-22,16583.0
2025-09-23,16654.0
2025-09-24,16699.0
2025-09-25,16784.0
2025-09-26,16709.0
2025-09-27,16709.0
2025-09-28,16709.0
2025-09-29,16671.0
2025-09-30,16676.0
2025-10-01,16632.0
2025-10-02,16616.0
2025-10-03,16565.0
2025-10-04,16565.0
2025-10-05,16565.0
2025-10-06,16615.0
2025-10-07,16570.0
2025-10-08,16595.0
2025-10-09,16560.0
2025-10-10,16590.0
2025-10-11,16590.0
2025-10-12,16590.0
2025-10-13,16582.0
2025-10-14,16629.0
2025-10-15,16602.0
2025-10-16,16607.0
2025-10-17,16579.0
2025-10-18,16579.0
2025-10-19,16579.0
2025-10-20,16563.0
2025-10-21,16605.0
2025-10-22,16619.0
2025-10-23,16625.0
2025-10-24,16608.0
2025-10-25,16608.0
2025-10-26,16608.0
2025-10-27,16619.0
2025-10-28,16616.0
2025-10-29,16562.0
2025-10-30,16666.0
2025-10-31,16662.0
2025-11-01,16662.0
2025-11-02,16662.0
2025-11-03,16710.0
2025-11-04,16721.0
2025-11-05,16704.0
2025-11-06,16677.0
2025-11-07,16698.0
2025-11-08,16698.0
2025-11-09,16698.0
2025-11-10,16693.0
2025-11-11,16727.0
2025-11-12,16761.0
2025-11-13,16711.0
2025-11-14,16702.0
2025-11-15,16702.0
2025-11-16,16702.0
2025-11-17,16735.0
2025-11-18,16756.0
2025-11-19,16718.0
2025-11-20,16749.0
2025-11-21,16718.0
2025-11-22,16718.0
2025-11-23,16718.0
2025-11-24,16633.0
2025-11-25,16609.0
2025-11-26,16649.0
2025-11-27,16640.0
2025-11-28,16660.0
2025-11-29,16660.0
2025-11-30,16660.0
2025-12-01,16590.0
2025-12-02,16625.0
2025-12-03,16623.0
2025-12-04,16655.0
2025-12-05,16672.0
2025-12-06,16672.0
2025-12-07,16672.0
2025-12-08,16693.0
2025-12-09,16674.0
2025-12-10,16683.0
2025-12-11,16676.0
2025-12-12,16652.0
2025-12-13,16652.0
2025-12-14,16652.0
2025-12-15,16683.0
2025-12-16,16665.0
2025-12-17,16692.0
2025-12-18,16717.0
2025-12-19,16736.0
2025-12-20,16736.0
2025-12-21,16736.0
2025-12-22,16776.0
2025-12-23,16787.0
2025-12-24,16747.0
2025-12-25,16747.0
2025-12-26,16747.0
2025-12-27,16747.0
2025-12-28,16747.0
2025-12-29,16771.0
2025-12-30,16765.0
2025-12-31,16716.0
2026-01-01,16716.0
2026-01-02,16716.0
2026-01-03,16716.0
2026-01-04,16716.0
2026-01-05,16740.0
2026-01-06,16770.0
2026-01-07,16768.0
2026-01-08,16836.0
2026-01-09,16860.0
2026-01-10,16860.0
2026-01-11,16860.0
2026-01-12,16893.0
2026-01-13,16864.0
2026-01-14,16872.0
2026-01-15,16897.0
2026-01-16,16918.0
2026-01-17,16918.0
2026-01-18,16918.0
2026-01-19,16974.0
2026-01-20,16946.0
2026-01-21,16911.0
2026-01-22,16875.0
2026-01-23,16823.0
2026-01-24,16823.0
2026-01-25,16823.0
2026-01-26,16778.0
2026-01-27,16716.0
2026-01-28,16742.0
2026-01-29,16782.0
2026-01-30,16788.0
2026-01-31,16788.0
2026-02-01,16788.0
2026-02-02,16799.0
2026-02-03,16770.0
2026-02-04,16794.0
2026-02-05,16867.0
2026-02-06,16873.0
2026-02-07,16873.0
2026-02-08,16873.0
2026-02-09,16827.0
2026-02-10,16787.0
2026-02-11,16800.0
2026-02-12,16830.0
2026-02-13,16823.0
2026-02-14,16823.0
2026-02-15,16823.0
2026-02-16,16818.0
2026-02-17,16829.0
2026-02-18,16885.0
2026-02-19,16918.0
2026-02-20,16889.0
2026-02-21,16889.0
2026-02-22,16889.0
2026-02-23,16822.0
2026-02-24,16833.0
2026-02-25,16814.0
2026-02-26,16767.0
2026-02-27,16801.0
2026-02-28,16801.0
2026-03-01,16801.0
2026-03-02,16876.0
2026-03-03,16895.0
2026-03-04,16855.0
2026-03-05,16909.0
2026-03-06,16973.0
2026-03-07,16973.0
2026-03-08,16973.0
2026-03-09,16942.0
2026-03-10,16866.0
2026-03-11,16898.0
2026-03-12,16886.0
2026-03-13,16900.0
2026-03-14,16900.0
2026-03-15,16900.0
2026-03-16,16965.0
2026-03-17,16958.0
2026-03-18,16994.0
2026-03-19,16961.0
2026-03-20,16925.0
2026-03-21,16925.0
2026-03-22,16925.0
2026-03-23,16896.0
2026-03-24,16891.0
2026-03-25,16858.0
2026-03-26,16917.0
2026-03-27,16983.0
2026-03-28,16983.0
2026-03-29,16983.0
2026-03-30,17018.0
2026-03-31,16965.0
2026-04-01,16914.0
2026-04-02,17011.0
2026-04-03,17011.0
2026-04-04,17011.0
2026-04-05,17011.0
2026-04-06,17011.0
2026-04-07,17070.0
2026-04-08,16976.0
2026-04-09,17097.0
2026-04-10,17095.0
2026-04-11,17095.0
2026-04-12,17095.0
2026-04-13,17188.0
2026-04-14,17131.0
2026-04-15,17154.0
2026-04-16,17140.0
2026-04-17,17180.0
2026-04-18,17180.0
2026-04-19,17180.0
2026-04-20,17129.0
2026-04-21,17128.0
2026-04-22,17199.0
2026-04-23,17276.0
2026-04-24,17244.0
2026-04-25,17244.0
2026-04-26,17244.0
2026-04-27,17209.0
2026-04-28,17284.0
2026-04-29,17348.0
2026-04-30,17346.0
2026-05-01,17346.0
2026-05-02,17346.0
2026-05-03,17346.0
2026-05-04,17409.0
2026-05-05,17453.0
2026-05-06,17328.0
2026-05-07,17298.0
2026-05-08,17366.0
2026-05-09,17366.0
2026-05-10,17366.0
2026-05-11,17425.0
2026-05-12,17497.0
2026-05-13,17496.0
2026-05-14,17465.0
2026-05-15,17589.0
2026-05-16,17589.0
2026-05-17,17589.0
2026-05-18,17683.0
2026-05-19,17743.0
2026-05-20,17701.0
2026-05-21,17677.0
2026-05-22,17695.0
2026-05-23,17695.0
2026-05-24,17695.0
2026-05-25,17734.0
2026-05-26,17835.0
2026-05-27,17837.0
2026-05-28,17851.0
2026-05-29,17816.0
2026-05-30,17816.0
2026-05-31,17816.0
2026-06-01,17835.0
2026-06-02,17827.0
2026-06-03,17962.0
2026-06-04,18026.0
2026-06-05,18070.0
2026-06-06,18070.0
2026-06-07,18070.0
2026-06-08,18151.0
2026-06-09,17950.0
2026-06-10,17910.0
2026-06-11,17974.0
2026-06-12,17788.0
2026-06-13,17788.0
2026-06-14,17788.0
2026-06-15,17719.0
2026-06-16,17721.0
2026-06-17,17803.0
2026-06-18,17875.0
2026-06-19,17808.0
2026-06-20,17808.0
2026-06-21,17808.0
2026-06-22,17838.0
2026-06-23,17921.0
2026-06-24,17977.0
2026-06-25,17982.0
2026-06-26,17859.0
2026-06-27,17859.0
2026-06-28,17859.0
2026-06-29,17853.0
2026-06-30,17903.0
2026-07-01,17961.0
2026-07-02,18021.0
2026-07-03,17964.0
2026-07-04,17964.0
2026-07-05,17964.0
2026-07-06,18016.0
2026-07-07,17891.0
2026-07-08,18089.0
2026-07-09,18106.0
2026-07-10,18077.0
2026-07-11,18077.0
2026-07-12,18077.0
2026-07-13,18048.0
2026-07-14,18060.0
2026-07-15,18071.0
2026-07-16,17986.0
2026-07-17,17945.0
2026-07-18,17945.0
2026-07-19,17945.0
2026-07-20,17950.0
2026-07-21,17898.0
2026-07-22,17919.0
2026-07-23,17964.0
2026-07-24,17929.0
2026-07-25,17929.0
2026-07-26,17929.0
2026-07-27,18053.0
2026-07-28,18102.0
2026-07-29,18072.0
2026-07-30,18079.0
2026-07-31,18052.0
2026-08-01,18052.0
2026-08-02,18052.0
2026-08-03,17977.0
2026-08-04,17987.0
2026-08-05,17871.0
2026-08-06,17900.0
2026-08-07,17846.0
2026-08-08,17846.0
2026-08-09,17846.0
2026-08-10,17760.0
2026-08-11,17838.0
2026-08-12,17843.0
2026-08-13,17856.0
2026-08-14,17787.0
2026-08-15,17787.0
2026-08-16,17787.0
2026-08-17,17816.0
2026-08-18,17862.0
2026-08-19,17832.0
2026-08-20,17797.0
2026-08-21,17659.0
2026-08-22,17659.0
2026-08-23,17659.0
2026-08-24,17713.0
2026-08-25,17684.0
2026-08-26,17713.0
2026-08-27,17737.0
2026-08-28,17717.0
2026-08-29,17717.0
2026-08-30,17717.0
2026-08-31,17710.0
2026-09-01,17745.0
2026-09-02,17715.0
2026-09-03,17647.0
2026-09-04,17636.0
2026-09-05,17636.0
2026-09-06,17636.0
2026-09-07,17647.0
2026-09-08,17597.0
2026-09-09,17476.0
2026-09-10,17574.0
2026-09-11,17603.0
2026-09-12,17603.0
2026-09-13,17603.0
2026-09-14,17660.0
2026-09-15,17697.0
2026-09-16,17670.0
