pasar,komoditas,tanggal_anchor,harga_terakhir,tanggal_target_h1,pred_model_h1,pred_baseline_h1,mae_model_hist_h1,mae_baseline_hist_h1,model_lebih_buruk_pct_h1,tanggal_target_h3,pred_model_h3,pred_baseline_h3,mae_model_hist_h3,mae_baseline_hist_h3,model_lebih_buruk_pct_h3,tanggal_target_h7,pred_model_h7,pred_baseline_h7,mae_model_hist_h7,mae_baseline_hist_h7,model_lebih_buruk_pct_h7
Pasar Baleendah,BAWANG BOMBAY,2026-09-30,32000.0,2026-10-01,32037,32000,636,482,31.9,2026-10-03,32031,32000,1242,987,25.8,2026-10-07,32042,32000,1919,1649,16.4
Pasar Banjaran,BAWANG BOMBAY,2026-09-29,32000.0,2026-09-30,32046,32000,636,482,31.9,2026-10-02,32048,32000,1242,987,25.8,2026-10-06,32005,32000,1919,1649,16.4
Pasar Baru Majalaya,BAWANG BOMBAY,2026-09-30,36000.0,2026-10-01,35999,36000,636,482,31.9,2026-10-03,36004,36000,1242,987,25.8,2026-10-07,35822,36000,1919,1649,16.4
Pasar Cileunyi,BAWANG BOMBAY,2026-09-30,25000.0,2026-10-01,25055,25000,636,482,31.9,2026-10-03,25202,25000,1242,987,25.8,2026-10-07,25518,25000,1919,1649,16.4
Pasar Ciwidey,BAWANG BOMBAY,2026-09-30,36000.0,2026-10-01,35999,36000,636,482,31.9,2026-10-03,36005,36000,1242,987,25.8,2026-10-07,35803,36000,1919,1649,16.4
Pasar Margahayu,BAWANG BOMBAY,2026-09-30,36000.0,2026-10-01,35957,36000,636,482,31.9,2026-10-03,35963,36000,1242,987,25.8,2026-10-07,35841,36000,1919,1649,16.4
Pasar Sehat Cicalengka,BAWANG BOMBAY,2026-09-30,35000.0,2026-10-01,35000,35000,636,482,31.9,2026-10-03,34910,35000,1242,987,25.8,2026-10-07,34777,35000,1919,1649,16.4
Pasar Sehat Soreang,BAWANG BOMBAY,2026-09-30,35000.0,2026-10-01,34945,35000,636,482,31.9,2026-10-03,34968,35000,1242,987,25.8,2026-10-07,34836,35000,1919,1649,16.4
Pasar Stasiun Majalaya,BAWANG BOMBAY,2026-09-30,36000.0,2026-10-01,36006,36000,636,482,31.9,2026-10-03,35988,36000,1242,987,25.8,2026-10-07,35888,36000,1919,1649,16.4
Pasar Baleendah,BAWANG DAUN,2026-09-30,15000.0,2026-10-01,14936,15000,636,482,31.9,2026-10-03,14630,15000,1242,987,25.8,2026-10-07,14302,15000,1919,1649,16.4
Pasar Banjaran,BAWANG DAUN,2026-09-29,16000.0,2026-09-30,15916,16000,636,482,31.9,2026-10-02,15342,16000,1242,987,25.8,2026-10-06,15187,16000,1919,1649,16.4
Pasar Baru Majalaya,BAWANG DAUN,2026-09-30,16000.0,2026-10-01,15911,16000,636,482,31.9,2026-10-03,15375,16000,1242,987,25.8,2026-10-07,15220,16000,1919,1649,16.4
Pasar Cileunyi,BAWANG DAUN,2026-09-30,15000.0,2026-10-01,14944,15000,636,482,31.9,2026-10-03,14650,15000,1242,987,25.8,2026-10-07,14426,15000,1919,1649,16.4
Pasar Ciwidey,BAWANG DAUN,2026-09-30,15000.0,2026-10-01,14916,15000,636,482,31.9,2026-10-03,14377,15000,1242,987,25.8,2026-10-07,14188,15000,1919,1649,16.4
Pasar Margahayu,BAWANG DAUN,2026-09-30,18000.0,2026-10-01,17887,18000,636,482,31.9,2026-10-03,17595,18000,1242,987,25.8,2026-10-07,17170,18000,1919,1649,16.4
Pasar Sehat Cicalengka,BAWANG DAUN,2026-09-30,14000.0,2026-10-01,13971,14000,636,482,31.9,2026-10-03,13760,14000,1242,987,25.8,2026-10-07,13653,14000,1919,1649,16.4
Pasar Sehat Soreang,BAWANG DAUN,2026-09-30,15000.0,2026-10-01,14909,15000,636,482,31.9,2026-10-03,14366,15000,1242,987,25.8,2026-10-07,14203,15000,1919,1649,16.4
Pasar Stasiun Majalaya,BAWANG DAUN,2026-09-30,15000.0,2026-10-01,14951,15000,636,482,31.9,2026-10-03,14381,15000,1242,987,25.8,2026-10-07,14234,15000,1919,1649,16.4
Pasar Baleendah,BAWANG MERAH,2026-09-30,30000.0,2026-10-01,30295,30000,636,482,31.9,2026-10-03,31407,30000,1242,987,25.8,2026-10-07,31931,30000,1919,1649,16.4
Pasar Banjaran,BAWANG MERAH,2026-09-29,32000.0,2026-09-30,32238,32000,636,482,31.9,2026-10-02,33114,32000,1242,987,25.8,2026-10-06,32923,32000,1919,1649,16.4
Pasar Baru Majalaya,BAWANG MERAH,2026-09-30,32000.0,2026-10-01,32721,32000,636,482,31.9,2026-10-03,34192,32000,1242,987,25.8,2026-10-07,34020,32000,1919,1649,16.4
Pasar Cileunyi,BAWANG MERAH,2026-09-30,32000.0,2026-10-01,32250,32000,636,482,31.9,2026-10-03,32961,32000,1242,987,25.8,2026-10-07,33914,32000,1919,1649,16.4
Pasar Ciwidey,BAWANG MERAH,2026-09-30,40000.0,2026-10-01,40165,40000,636,482,31.9,2026-10-03,41617,40000,1242,987,25.8,2026-10-07,42032,40000,1919,1649,16.4
Pasar Margahayu,BAWANG MERAH,2026-09-30,40000.0,2026-10-01,39861,40000,636,482,31.9,2026-10-03,41379,40000,1242,987,25.8,2026-10-07,40988,40000,1919,1649,16.4
Pasar Sehat Cicalengka,BAWANG MERAH,2026-09-30,32000.0,2026-10-01,32572,32000,636,482,31.9,2026-10-03,33624,32000,1242,987,25.8,2026-10-07,34029,32000,1919,1649,16.4
Pasar Sehat Soreang,BAWANG MERAH,2026-09-30,32000.0,2026-10-01,32209,32000,636,482,31.9,2026-10-03,33235,32000,1242,987,25.8,2026-10-07,33042,32000,1919,1649,16.4
Pasar Stasiun Majalaya,BAWANG MERAH,2026-09-30,34000.0,2026-10-01,34348,34000,636,482,31.9,2026-10-03,35579,34000,1242,987,25.8,2026-10-07,35546,34000,1919,1649,16.4
Pasar Baleendah,BAWANG MERAH BATU,2026-09-30,24000.0,2026-10-01,24017,24000,636,482,31.9,2026-10-03,24631,24000,1242,987,25.8,2026-10-07,27508,24000,1919,1649,16.4
Pasar Banjaran,BAWANG MERAH BATU,2026-09-29,30000.0,2026-09-30,29893,30000,636,482,31.9,2026-10-02,30451,30000,1242,987,25.8,2026-10-06,32683,30000,1919,1649,16.4
Pasar Baru Majalaya,BAWANG MERAH BATU,2026-09-30,28000.0,2026-10-01,27923,28000,636,482,31.9,2026-10-03,28629,28000,1242,987,25.8,2026-10-07,31339,28000,1919,1649,16.4
Pasar Cileunyi,BAWANG MERAH BATU,2026-09-30,28000.0,2026-10-01,27887,28000,636,482,31.9,2026-10-03,28400,28000,1242,987,25.8,2026-10-07,28925,28000,1919,1649,16.4
Pasar Ciwidey,BAWANG MERAH BATU,2026-09-30,30000.0,2026-10-01,30019,30000,636,482,31.9,2026-10-03,30972,30000,1242,987,25.8,2026-10-07,32014,30000,1919,1649,16.4
Pasar Sehat Cicalengka,BAWANG MERAH BATU,2026-09-30,25000.0,2026-10-01,24937,25000,636,482,31.9,2026-10-03,25668,25000,1242,987,25.8,2026-10-07,28212,25000,1919,1649,16.4
Pasar Sehat Soreang,BAWANG MERAH BATU,2026-09-30,25000.0,2026-10-01,25050,25000,636,482,31.9,2026-10-03,25704,25000,1242,987,25.8,2026-10-07,28124,25000,1919,1649,16.4
Pasar Stasiun Majalaya,BAWANG MERAH BATU,2026-09-30,28000.0,2026-10-01,27930,28000,636,482,31.9,2026-10-03,28710,28000,1242,987,25.8,2026-10-07,30234,28000,1919,1649,16.4
Pasar Baleendah,BAWANG PUTIH BIASA,2026-09-30,32000.0,2026-10-01,32052,32000,636,482,31.9,2026-10-03,32105,32000,1242,987,25.8,2026-10-07,32605,32000,1919,1649,16.4
Pasar Banjaran,BAWANG PUTIH BIASA,2026-09-29,32000.0,2026-09-30,32058,32000,636,482,31.9,2026-10-02,32131,32000,1242,987,25.8,2026-10-06,32590,32000,1919,1649,16.4
Pasar Baru Majalaya,BAWANG PUTIH BIASA,2026-09-30,32000.0,2026-10-01,32059,32000,636,482,31.9,2026-10-03,32183,32000,1242,987,25.8,2026-10-07,32559,32000,1919,1649,16.4
Pasar Cileunyi,BAWANG PUTIH BIASA,2026-09-30,30000.0,2026-10-01,30055,30000,636,482,31.9,2026-10-03,30142,30000,1242,987,25.8,2026-10-07,30076,30000,1919,1649,16.4
Pasar Ciwidey,BAWANG PUTIH BIASA,2026-09-30,32000.0,2026-10-01,32083,32000,636,482,31.9,2026-10-03,32186,32000,1242,987,25.8,2026-10-07,32582,32000,1919,1649,16.4
Pasar Margahayu,BAWANG PUTIH BIASA,2026-09-30,32000.0,2026-10-01,32017,32000,636,482,31.9,2026-10-03,32167,32000,1242,987,25.8,2026-10-07,32624,32000,1919,1649,16.4
Pasar Sehat Cicalengka,BAWANG PUTIH BIASA,2026-09-30,30000.0,2026-10-01,30062,30000,636,482,31.9,2026-10-03,30283,30000,1242,987,25.8,2026-10-07,30868,30000,1919,1649,16.4
Pasar Sehat Soreang,BAWANG PUTIH BIASA,2026-09-30,35000.0,2026-10-01,34963,35000,636,482,31.9,2026-10-03,35099,35000,1242,987,25.8,2026-10-07,35193,35000,1919,1649,16.4
Pasar Stasiun Majalaya,BAWANG PUTIH BIASA,2026-09-30,36000.0,2026-10-01,36024,36000,636,482,31.9,2026-10-03,36129,36000,1242,987,25.8,2026-10-07,36204,36000,1919,1649,16.4
Pasar Baleendah,BAWANG SUMENEP,2026-09-30,36000.0,2026-10-01,35970,36000,636,482,31.9,2026-10-03,36270,36000,1242,987,25.8,2026-10-07,35819,36000,1919,1649,16.4
Pasar Banjaran,BAWANG SUMENEP,2026-09-29,32000.0,2026-09-30,32492,32000,636,482,31.9,2026-10-02,33175,32000,1242,987,25.8,2026-10-06,31843,32000,1919,1649,16.4
Pasar Baru Majalaya,BAWANG SUMENEP,2026-09-30,36000.0,2026-10-01,36071,36000,636,482,31.9,2026-10-03,36976,36000,1242,987,25.8,2026-10-07,37520,36000,1919,1649,16.4
Pasar Cileunyi,BAWANG SUMENEP,2026-09-30,32000.0,2026-10-01,32165,32000,636,482,31.9,2026-10-03,32691,32000,1242,987,25.8,2026-10-07,33105,32000,1919,1649,16.4
Pasar Ciwidey,BAWANG SUMENEP,2026-09-30,45000.0,2026-10-01,45862,45000,636,482,31.9,2026-10-03,46899,45000,1242,987,25.8,2026-10-07,45630,45000,1919,1649,16.4
Pasar Margahayu,BAWANG SUMENEP,2026-09-30,40000.0,2026-10-01,39886,40000,636,482,31.9,2026-10-03,41028,40000,1242,987,25.8,2026-10-07,40085,40000,1919,1649,16.4
Pasar Sehat Cicalengka,BAWANG SUMENEP,2026-09-30,40000.0,2026-10-01,40390,40000,636,482,31.9,2026-10-03,40542,40000,1242,987,25.8,2026-10-07,42319,40000,1919,1649,16.4
Pasar Sehat Soreang,BAWANG SUMENEP,2026-09-30,32000.0,2026-10-01,32576,32000,636,482,31.9,2026-10-03,33473,32000,1242,987,25.8,2026-10-07,31660,32000,1919,1649,16.4
Pasar Stasiun Majalaya,BAWANG SUMENEP,2026-09-30,40000.0,2026-10-01,40203,40000,636,482,31.9,2026-10-03,40859,40000,1242,987,25.8,2026-10-07,41501,40000,1919,1649,16.4
Pasar Baleendah,CABE HIJAU BIASA,2026-09-30,24000.0,2026-10-01,24156,24000,636,482,31.9,2026-10-03,23758,24000,1242,987,25.8,2026-10-07,23598,24000,1919,1649,16.4
Pasar Banjaran,CABE HIJAU BIASA,2026-09-29,30000.0,2026-09-30,29993,30000,636,482,31.9,2026-10-02,29396,30000,1242,987,25.8,2026-10-06,28916,30000,1919,1649,16.4
Pasar Baru Majalaya,CABE HIJAU BIASA,2026-09-30,35000.0,2026-10-01,34866,35000,636,482,31.9,2026-10-03,34529,35000,1242,987,25.8,2026-10-07,33965,35000,1919,1649,16.4
Pasar Cileunyi,CABE HIJAU BIASA,2026-09-30,28000.0,2026-10-01,27573,28000,636,482,31.9,2026-10-03,27752,28000,1242,987,25.8,2026-10-07,21829,28000,1919,1649,16.4
Pasar Ciwidey,CABE HIJAU BIASA,2026-09-30,25000.0,2026-10-01,25143,25000,636,482,31.9,2026-10-03,25060,25000,1242,987,25.8,2026-10-07,24136,25000,1919,1649,16.4
Pasar Margahayu,CABE HIJAU BIASA,2026-09-30,40000.0,2026-10-01,39370,40000,636,482,31.9,2026-10-03,38555,40000,1242,987,25.8,2026-10-07,36467,40000,1919,1649,16.4
Pasar Sehat Cicalengka,CABE HIJAU BIASA,2026-09-30,24000.0,2026-10-01,24177,24000,636,482,31.9,2026-10-03,23855,24000,1242,987,25.8,2026-10-07,25118,24000,1919,1649,16.4
Pasar Sehat Soreang,CABE HIJAU BIASA,2026-09-30,26000.0,2026-10-01,25968,26000,636,482,31.9,2026-10-03,25836,26000,1242,987,25.8,2026-10-07,25533,26000,1919,1649,16.4
Pasar Stasiun Majalaya,CABE HIJAU BIASA,2026-09-30,28000.0,2026-10-01,27966,28000,636,482,31.9,2026-10-03,27630,28000,1242,987,25.8,2026-10-07,27376,28000,1919,1649,16.4
Pasar Baleendah,CABE MERAH KERITING,2026-09-30,60000.0,2026-10-01,58994,60000,636,482,31.9,2026-10-03,55452,60000,1242,987,25.8,2026-10-07,54633,60000,1919,1649,16.4
Pasar Banjaran,CABE MERAH KERITING,2026-09-29,55000.0,2026-09-30,53658,55000,636,482,31.9,2026-10-02,49413,55000,1242,987,25.8,2026-10-06,48473,55000,1919,1649,16.4
Pasar Baru Majalaya,CABE MERAH KERITING,2026-09-30,60000.0,2026-10-01,59552,60000,636,482,31.9,2026-10-03,56921,60000,1242,987,25.8,2026-10-07,53776,60000,1919,1649,16.4
Pasar Cileunyi,CABE MERAH KERITING,2026-09-30,60000.0,2026-10-01,58377,60000,636,482,31.9,2026-10-03,56555,60000,1242,987,25.8,2026-10-07,54244,60000,1919,1649,16.4
Pasar Ciwidey,CABE MERAH KERITING,2026-09-30,60000.0,2026-10-01,59185,60000,636,482,31.9,2026-10-03,59491,60000,1242,987,25.8,2026-10-07,59159,60000,1919,1649,16.4
Pasar Margahayu,CABE MERAH KERITING,2026-09-30,70000.0,2026-10-01,69361,70000,636,482,31.9,2026-10-03,69278,70000,1242,987,25.8,2026-10-07,69875,70000,1919,1649,16.4
Pasar Sehat Cicalengka,CABE MERAH KERITING,2026-09-30,55000.0,2026-10-01,53913,55000,636,482,31.9,2026-10-03,50502,55000,1242,987,25.8,2026-10-07,54177,55000,1919,1649,16.4
Pasar Sehat Soreang,CABE MERAH KERITING,2026-09-30,55000.0,2026-10-01,54241,55000,636,482,31.9,2026-10-03,52420,55000,1242,987,25.8,2026-10-07,50337,55000,1919,1649,16.4
Pasar Stasiun Majalaya,CABE MERAH KERITING,2026-09-30,60000.0,2026-10-01,59121,60000,636,482,31.9,2026-10-03,58900,60000,1242,987,25.8,2026-10-07,55774,60000,1919,1649,16.4
Pasar Baleendah,CABE MERAH TANJUNG,2026-09-30,60000.0,2026-10-01,59247,60000,636,482,31.9,2026-10-03,61462,60000,1242,987,25.8,2026-10-07,61689,60000,1919,1649,16.4
Pasar Banjaran,CABE MERAH TANJUNG,2026-09-29,65000.0,2026-09-30,64212,65000,636,482,31.9,2026-10-02,64784,65000,1242,987,25.8,2026-10-06,66658,65000,1919,1649,16.4
Pasar Baru Majalaya,CABE MERAH TANJUNG,2026-09-30,55000.0,2026-10-01,56011,55000,636,482,31.9,2026-10-03,61807,55000,1242,987,25.8,2026-10-07,61076,55000,1919,1649,16.4
Pasar Cileunyi,CABE MERAH TANJUNG,2026-09-30,70000.0,2026-10-01,69732,70000,636,482,31.9,2026-10-03,71803,70000,1242,987,25.8,2026-10-07,78203,70000,1919,1649,16.4
Pasar Ciwidey,CABE MERAH TANJUNG,2026-09-30,80000.0,2026-10-01,81982,80000,636,482,31.9,2026-10-03,84653,80000,1242,987,25.8,2026-10-07,86226,80000,1919,1649,16.4
Pasar Margahayu,CABE MERAH TANJUNG,2026-09-30,70000.0,2026-10-01,69766,70000,636,482,31.9,2026-10-03,72639,70000,1242,987,25.8,2026-10-07,72880,70000,1919,1649,16.4
Pasar Sehat Cicalengka,CABE MERAH TANJUNG,2026-09-30,70000.0,2026-10-01,71231,70000,636,482,31.9,2026-10-03,76908,70000,1242,987,25.8,2026-10-07,79746,70000,1919,1649,16.4
Pasar Sehat Soreang,CABE MERAH TANJUNG,2026-09-30,70000.0,2026-10-01,69103,70000,636,482,31.9,2026-10-03,77976,70000,1242,987,25.8,2026-10-07,75243,70000,1919,1649,16.4
Pasar Stasiun Majalaya,CABE MERAH TANJUNG,2026-09-30,80000.0,2026-10-01,81016,80000,636,482,31.9,2026-10-03,85311,80000,1242,987,25.8,2026-10-07,88215,80000,1919,1649,16.4
Pasar Baleendah,CABE RAWIT HIJAU,2026-09-30,48000.0,2026-10-01,47653,48000,636,482,31.9,2026-10-03,45948,48000,1242,987,25.8,2026-10-07,46091,48000,1919,1649,16.4
Pasar Banjaran,CABE RAWIT HIJAU,2026-09-29,48000.0,2026-09-30,47659,48000,636,482,31.9,2026-10-02,46447,48000,1242,987,25.8,2026-10-06,45741,48000,1919,1649,16.4
Pasar Baru Majalaya,CABE RAWIT HIJAU,2026-09-30,60000.0,2026-10-01,59039,60000,636,482,31.9,2026-10-03,55924,60000,1242,987,25.8,2026-10-07,55504,60000,1919,1649,16.4
Pasar Cileunyi,CABE RAWIT HIJAU,2026-09-30,50000.0,2026-10-01,49808,50000,636,482,31.9,2026-10-03,48915,50000,1242,987,25.8,2026-10-07,48616,50000,1919,1649,16.4
Pasar Ciwidey,CABE RAWIT HIJAU,2026-09-30,48000.0,2026-10-01,47661,48000,636,482,31.9,2026-10-03,47289,48000,1242,987,25.8,2026-10-07,45905,48000,1919,1649,16.4
Pasar Margahayu,CABE RAWIT HIJAU,2026-09-30,60000.0,2026-10-01,59721,60000,636,482,31.9,2026-10-03,58856,60000,1242,987,25.8,2026-10-07,57952,60000,1919,1649,16.4
Pasar Sehat Cicalengka,CABE RAWIT HIJAU,2026-09-30,70000.0,2026-10-01,69538,70000,636,482,31.9,2026-10-03,67834,70000,1242,987,25.8,2026-10-07,67226,70000,1919,1649,16.4
Pasar Sehat Soreang,CABE RAWIT HIJAU,2026-09-30,45000.0,2026-10-01,44895,45000,636,482,31.9,2026-10-03,43991,45000,1242,987,25.8,2026-10-07,43923,45000,1919,1649,16.4
Pasar Stasiun Majalaya,CABE RAWIT HIJAU,2026-09-30,60000.0,2026-10-01,60243,60000,636,482,31.9,2026-10-03,60037,60000,1242,987,25.8,2026-10-07,60875,60000,1919,1649,16.4
Pasar Baleendah,CABE RAWIT MERAH,2026-09-30,75000.0,2026-10-01,73973,75000,636,482,31.9,2026-10-03,71617,75000,1242,987,25.8,2026-10-07,75294,75000,1919,1649,16.4
Pasar Banjaran,CABE RAWIT MERAH,2026-09-29,75000.0,2026-09-30,75145,75000,636,482,31.9,2026-10-02,72285,75000,1242,987,25.8,2026-10-06,73214,75000,1919,1649,16.4
Pasar Baru Majalaya,CABE RAWIT MERAH,2026-09-30,80000.0,2026-10-01,81258,80000,636,482,31.9,2026-10-03,79981,80000,1242,987,25.8,2026-10-07,85010,80000,1919,1649,16.4
Pasar Cileunyi,CABE RAWIT MERAH,2026-09-30,85000.0,2026-10-01,86680,85000,636,482,31.9,2026-10-03,86058,85000,1242,987,25.8,2026-10-07,86950,85000,1919,1649,16.4
Pasar Ciwidey,CABE RAWIT MERAH,2026-09-30,75000.0,2026-10-01,76128,75000,636,482,31.9,2026-10-03,73918,75000,1242,987,25.8,2026-10-07,77521,75000,1919,1649,16.4
Pasar Margahayu,CABE RAWIT MERAH,2026-09-30,90000.0,2026-10-01,89427,90000,636,482,31.9,2026-10-03,90390,90000,1242,987,25.8,2026-10-07,94088,90000,1919,1649,16.4
Pasar Sehat Cicalengka,CABE RAWIT MERAH,2026-09-30,90000.0,2026-10-01,90271,90000,636,482,31.9,2026-10-03,88718,90000,1242,987,25.8,2026-10-07,95609,90000,1919,1649,16.4
Pasar Sehat Soreang,CABE RAWIT MERAH,2026-09-30,80000.0,2026-10-01,80077,80000,636,482,31.9,2026-10-03,77505,80000,1242,987,25.8,2026-10-07,80455,80000,1919,1649,16.4
Pasar Stasiun Majalaya,CABE RAWIT MERAH,2026-09-30,90000.0,2026-10-01,89958,90000,636,482,31.9,2026-10-03,88506,90000,1242,987,25.8,2026-10-07,95509,90000,1919,1649,16.4
Pasar Baleendah,JAGUNG MANIS,2026-09-30,12000.0,2026-10-01,11957,12000,636,482,31.9,2026-10-03,11743,12000,1242,987,25.8,2026-10-07,11383,12000,1919,1649,16.4
Pasar Banjaran,JAGUNG MANIS,2026-09-29,15000.0,2026-09-30,14941,15000,636,482,31.9,2026-10-02,14455,15000,1242,987,25.8,2026-10-06,14275,15000,1919,1649,16.4
Pasar Baru Majalaya,JAGUNG MANIS,2026-09-30,10000.0,2026-10-01,10006,10000,636,482,31.9,2026-10-03,9998,10000,1242,987,25.8,2026-10-07,9986,10000,1919,1649,16.4
Pasar Cileunyi,JAGUNG MANIS,2026-09-30,16000.0,2026-10-01,15961,16000,636,482,31.9,2026-10-03,15763,16000,1242,987,25.8,2026-10-07,15573,16000,1919,1649,16.4
Pasar Ciwidey,JAGUNG MANIS,2026-09-30,13000.0,2026-10-01,12980,13000,636,482,31.9,2026-10-03,12881,13000,1242,987,25.8,2026-10-07,12847,13000,1919,1649,16.4
Pasar Margahayu,JAGUNG MANIS,2026-09-30,16000.0,2026-10-01,15975,16000,636,482,31.9,2026-10-03,15828,16000,1242,987,25.8,2026-10-07,15729,16000,1919,1649,16.4
Pasar Sehat Cicalengka,JAGUNG MANIS,2026-09-30,18000.0,2026-10-01,17874,18000,636,482,31.9,2026-10-03,17219,18000,1242,987,25.8,2026-10-07,16820,18000,1919,1649,16.4
Pasar Sehat Soreang,JAGUNG MANIS,2026-09-30,15000.0,2026-10-01,14931,15000,636,482,31.9,2026-10-03,14478,15000,1242,987,25.8,2026-10-07,14284,15000,1919,1649,16.4
Pasar Stasiun Majalaya,JAGUNG MANIS,2026-09-30,12000.0,2026-10-01,11976,12000,636,482,31.9,2026-10-03,11887,12000,1242,987,25.8,2026-10-07,11913,12000,1919,1649,16.4
Pasar Baleendah,JERUK,2026-09-30,22000.0,2026-10-01,21981,22000,636,482,31.9,2026-10-03,21948,22000,1242,987,25.8,2026-10-07,22153,22000,1919,1649,16.4
Pasar Banjaran,JERUK,2026-09-29,25000.0,2026-09-30,24990,25000,636,482,31.9,2026-10-02,24899,25000,1242,987,25.8,2026-10-06,25097,25000,1919,1649,16.4
Pasar Baru Majalaya,JERUK,2026-09-30,25000.0,2026-10-01,25267,25000,636,482,31.9,2026-10-03,25364,25000,1242,987,25.8,2026-10-07,25299,25000,1919,1649,16.4
Pasar Cileunyi,JERUK,2026-09-30,25000.0,2026-10-01,24993,25000,636,482,31.9,2026-10-03,24966,25000,1242,987,25.8,2026-10-07,25253,25000,1919,1649,16.4
Pasar Ciwidey,JERUK,2026-09-30,20000.0,2026-10-01,19999,20000,636,482,31.9,2026-10-03,20008,20000,1242,987,25.8,2026-10-07,20116,20000,1919,1649,16.4
Pasar Margahayu,JERUK,2026-09-30,25000.0,2026-10-01,24949,25000,636,482,31.9,2026-10-03,24938,25000,1242,987,25.8,2026-10-07,25264,25000,1919,1649,16.4
Pasar Sehat Cicalengka,JERUK,2026-09-30,22000.0,2026-10-01,22001,22000,636,482,31.9,2026-10-03,22019,22000,1242,987,25.8,2026-10-07,22107,22000,1919,1649,16.4
Pasar Sehat Soreang,JERUK,2026-09-30,22000.0,2026-10-01,21939,22000,636,482,31.9,2026-10-03,21960,22000,1242,987,25.8,2026-10-07,22146,22000,1919,1649,16.4
Pasar Stasiun Majalaya,JERUK,2026-09-30,25000.0,2026-10-01,25092,25000,636,482,31.9,2026-10-03,24941,25000,1242,987,25.8,2026-10-07,24929,25000,1919,1649,16.4
Pasar Baleendah,KACANG HIJAU,2026-09-30,32000.0,2026-10-01,31997,32000,636,482,31.9,2026-10-03,31920,32000,1242,987,25.8,2026-10-07,31835,32000,1919,1649,16.4
Pasar Banjaran,KACANG HIJAU,2026-09-29,40000.0,2026-09-30,39999,40000,636,482,31.9,2026-10-02,39893,40000,1242,987,25.8,2026-10-06,40446,40000,1919,1649,16.4
Pasar Baru Majalaya,KACANG HIJAU,2026-09-30,36000.0,2026-10-01,35997,36000,636,482,31.9,2026-10-03,36025,36000,1242,987,25.8,2026-10-07,36137,36000,1919,1649,16.4
Pasar Cileunyi,KACANG HIJAU,2026-09-30,38000.0,2026-10-01,37988,38000,636,482,31.9,2026-10-03,38012,38000,1242,987,25.8,2026-10-07,38258,38000,1919,1649,16.4
Pasar Ciwidey,KACANG HIJAU,2026-09-30,36000.0,2026-10-01,36051,36000,636,482,31.9,2026-10-03,36386,36000,1242,987,25.8,2026-10-07,35941,36000,1919,1649,16.4
Pasar Margahayu,KACANG HIJAU,2026-09-30,28000.0,2026-10-01,28003,28000,636,482,31.9,2026-10-03,27999,28000,1242,987,25.8,2026-10-07,28105,28000,1919,1649,16.4
Pasar Sehat Cicalengka,KACANG HIJAU,2026-09-30,35000.0,2026-10-01,34998,35000,636,482,31.9,2026-10-03,35011,35000,1242,987,25.8,2026-10-07,34925,35000,1919,1649,16.4
Pasar Sehat Soreang,KACANG HIJAU,2026-09-30,35000.0,2026-10-01,34991,35000,636,482,31.9,2026-10-03,35017,35000,1242,987,25.8,2026-10-07,34929,35000,1919,1649,16.4
Pasar Stasiun Majalaya,KACANG HIJAU,2026-09-30,38000.0,2026-10-01,38006,38000,636,482,31.9,2026-10-03,38050,38000,1242,987,25.8,2026-10-07,38307,38000,1919,1649,16.4
Pasar Baleendah,KACANG TANAH KUPAS,2026-09-30,38000.0,2026-10-01,37989,38000,636,482,31.9,2026-10-03,37952,38000,1242,987,25.8,2026-10-07,37976,38000,1919,1649,16.4
Pasar Banjaran,KACANG TANAH KUPAS,2026-09-29,48000.0,2026-09-30,48208,48000,636,482,31.9,2026-10-02,47847,48000,1242,987,25.8,2026-10-06,46909,48000,1919,1649,16.4
Pasar Baru Majalaya,KACANG TANAH KUPAS,2026-09-30,36000.0,2026-10-01,35993,36000,636,482,31.9,2026-10-03,36046,36000,1242,987,25.8,2026-10-07,36110,36000,1919,1649,16.4
Pasar Cileunyi,KACANG TANAH KUPAS,2026-09-30,40000.0,2026-10-01,39969,40000,636,482,31.9,2026-10-03,39895,40000,1242,987,25.8,2026-10-07,40185,40000,1919,1649,16.4
Pasar Ciwidey,KACANG TANAH KUPAS,2026-09-30,40000.0,2026-10-01,39981,40000,636,482,31.9,2026-10-03,39946,40000,1242,987,25.8,2026-10-07,40186,40000,1919,1649,16.4
Pasar Margahayu,KACANG TANAH KUPAS,2026-09-30,38000.0,2026-10-01,38002,38000,636,482,31.9,2026-10-03,38024,38000,1242,987,25.8,2026-10-07,38091,38000,1919,1649,16.4
Pasar Sehat Cicalengka,KACANG TANAH KUPAS,2026-09-30,40000.0,2026-10-01,40134,40000,636,482,31.9,2026-10-03,39759,40000,1242,987,25.8,2026-10-07,40375,40000,1919,1649,16.4
Pasar Sehat Soreang,KACANG TANAH KUPAS,2026-09-30,40000.0,2026-10-01,39967,40000,636,482,31.9,2026-10-03,39966,40000,1242,987,25.8,2026-10-07,40250,40000,1919,1649,16.4
Pasar Stasiun Majalaya,KACANG TANAH KUPAS,2026-09-30,45000.0,2026-10-01,44862,45000,636,482,31.9,2026-10-03,44875,45000,1242,987,25.8,2026-10-07,43571,45000,1919,1649,16.4
Pasar Baleendah,KENTANG DIENG,2026-09-30,16000.0,2026-10-01,15964,16000,636,482,31.9,2026-10-03,15866,16000,1242,987,25.8,2026-10-07,15835,16000,1919,1649,16.4
Pasar Banjaran,KENTANG DIENG,2026-09-29,18000.0,2026-09-30,17973,18000,636,482,31.9,2026-10-02,17873,18000,1242,987,25.8,2026-10-06,17830,18000,1919,1649,16.4
Pasar Baru Majalaya,KENTANG DIENG,2026-09-30,18000.0,2026-10-01,17919,18000,636,482,31.9,2026-10-03,17909,18000,1242,987,25.8,2026-10-07,17879,18000,1919,1649,16.4
Pasar Cileunyi,KENTANG DIENG,2026-09-30,18000.0,2026-10-01,17992,18000,636,482,31.9,2026-10-03,17890,18000,1242,987,25.8,2026-10-07,17800,18000,1919,1649,16.4
Pasar Ciwidey,KENTANG DIENG,2026-09-30,20000.0,2026-10-01,19997,20000,636,482,31.9,2026-10-03,19852,20000,1242,987,25.8,2026-10-07,19760,20000,1919,1649,16.4
Pasar Margahayu,KENTANG DIENG,2026-09-30,20000.0,2026-10-01,19973,20000,636,482,31.9,2026-10-03,19854,20000,1242,987,25.8,2026-10-07,19808,20000,1919,1649,16.4
Pasar Sehat Cicalengka,KENTANG DIENG,2026-09-30,20000.0,2026-10-01,19999,20000,636,482,31.9,2026-10-03,19852,20000,1242,987,25.8,2026-10-07,19766,20000,1919,1649,16.4
Pasar Sehat Soreang,KENTANG DIENG,2026-09-30,20000.0,2026-10-01,19963,20000,636,482,31.9,2026-10-03,19856,20000,1242,987,25.8,2026-10-07,19767,20000,1919,1649,16.4
Pasar Stasiun Majalaya,KENTANG DIENG,2026-09-30,18000.0,2026-10-01,17926,18000,636,482,31.9,2026-10-03,17915,18000,1242,987,25.8,2026-10-07,17870,18000,1919,1649,16.4
Pasar Baleendah,KETELA POHON,2026-09-30,5000.0,2026-10-01,4998,5000,636,482,31.9,2026-10-03,4948,5000,1242,987,25.8,2026-10-07,4967,5000,1919,1649,16.4
Pasar Banjaran,KETELA POHON,2026-09-29,5000.0,2026-09-30,5007,5000,636,482,31.9,2026-10-02,4956,5000,1242,987,25.8,2026-10-06,4977,5000,1919,1649,16.4
Pasar Baru Majalaya,KETELA POHON,2026-09-30,6000.0,2026-10-01,5999,6000,636,482,31.9,2026-10-03,5970,6000,1242,987,25.8,2026-10-07,5997,6000,1919,1649,16.4
Pasar Cileunyi,KETELA POHON,2026-09-30,5000.0,2026-10-01,5001,5000,636,482,31.9,2026-10-03,4957,5000,1242,987,25.8,2026-10-07,4993,5000,1919,1649,16.4
Pasar Ciwidey,KETELA POHON,2026-09-30,5000.0,2026-10-01,5005,5000,636,482,31.9,2026-10-03,4949,5000,1242,987,25.8,2026-10-07,4978,5000,1919,1649,16.4
Pasar Margahayu,KETELA POHON,2026-09-30,6000.0,2026-10-01,6007,6000,636,482,31.9,2026-10-03,5972,6000,1242,987,25.8,2026-10-07,5995,6000,1919,1649,16.4
Pasar Sehat Cicalengka,KETELA POHON,2026-09-30,6000.0,2026-10-01,6001,6000,636,482,31.9,2026-10-03,5957,6000,1242,987,25.8,2026-10-07,5962,6000,1919,1649,16.4
Pasar Sehat Soreang,KETELA POHON,2026-09-30,6000.0,2026-10-01,5997,6000,636,482,31.9,2026-10-03,5960,6000,1242,987,25.8,2026-10-07,5963,6000,1919,1649,16.4
Pasar Stasiun Majalaya,KETELA POHON,2026-09-30,6000.0,2026-10-01,6005,6000,636,482,31.9,2026-10-03,5976,6000,1242,987,25.8,2026-10-07,5989,6000,1919,1649,16.4
Pasar Baleendah,PISANG,2026-09-30,6500.0,2026-10-01,6498,6500,636,482,31.9,2026-10-03,6441,6500,1242,987,25.8,2026-10-07,6451,6500,1919,1649,16.4
Pasar Banjaran,PISANG,2026-09-29,7000.0,2026-09-30,7007,7000,636,482,31.9,2026-10-02,6949,7000,1242,987,25.8,2026-10-06,6961,7000,1919,1649,16.4
Pasar Baru Majalaya,PISANG,2026-09-30,7000.0,2026-10-01,6999,7000,636,482,31.9,2026-10-03,6967,7000,1242,987,25.8,2026-10-07,7004,7000,1919,1649,16.4
Pasar Cileunyi,PISANG,2026-09-30,8000.0,2026-10-01,8001,8000,636,482,31.9,2026-10-03,7950,8000,1242,987,25.8,2026-10-07,7978,8000,1919,1649,16.4
Pasar Ciwidey,PISANG,2026-09-30,8000.0,2026-10-01,8005,8000,636,482,31.9,2026-10-03,7948,8000,1242,987,25.8,2026-10-07,7963,8000,1919,1649,16.4
Pasar Margahayu,PISANG,2026-09-30,8000.0,2026-10-01,8007,8000,636,482,31.9,2026-10-03,7969,8000,1242,987,25.8,2026-10-07,8004,8000,1919,1649,16.4
Pasar Sehat Cicalengka,PISANG,2026-09-30,8000.0,2026-10-01,8001,8000,636,482,31.9,2026-10-03,7953,8000,1242,987,25.8,2026-10-07,7969,8000,1919,1649,16.4
Pasar Sehat Soreang,PISANG,2026-09-30,8000.0,2026-10-01,7997,8000,636,482,31.9,2026-10-03,7957,8000,1242,987,25.8,2026-10-07,7970,8000,1919,1649,16.4
Pasar Stasiun Majalaya,PISANG,2026-09-30,8000.0,2026-10-01,8005,8000,636,482,31.9,2026-10-03,7973,8000,1242,987,25.8,2026-10-07,7998,8000,1919,1649,16.4
Pasar Baleendah,SAYURAN BUNCIS,2026-09-30,20000.0,2026-10-01,19844,20000,636,482,31.9,2026-10-03,19657,20000,1242,987,25.8,2026-10-07,18558,20000,1919,1649,16.4
Pasar Banjaran,SAYURAN BUNCIS,2026-09-29,16000.0,2026-09-30,15828,16000,636,482,31.9,2026-10-02,15395,16000,1242,987,25.8,2026-10-06,14481,16000,1919,1649,16.4
Pasar Baru Majalaya,SAYURAN BUNCIS,2026-09-30,16000.0,2026-10-01,15966,16000,636,482,31.9,2026-10-03,15412,16000,1242,987,25.8,2026-10-07,15311,16000,1919,1649,16.4
Pasar Cileunyi,SAYURAN BUNCIS,2026-09-30,20000.0,2026-10-01,19933,20000,636,482,31.9,2026-10-03,19689,20000,1242,987,25.8,2026-10-07,19646,20000,1919,1649,16.4
Pasar Ciwidey,SAYURAN BUNCIS,2026-09-30,16000.0,2026-10-01,15905,16000,636,482,31.9,2026-10-03,15564,16000,1242,987,25.8,2026-10-07,14853,16000,1919,1649,16.4
Pasar Margahayu,SAYURAN BUNCIS,2026-09-30,24000.0,2026-10-01,23861,24000,636,482,31.9,2026-10-03,23452,24000,1242,987,25.8,2026-10-07,23046,24000,1919,1649,16.4
Pasar Sehat Cicalengka,SAYURAN BUNCIS,2026-09-30,20000.0,2026-10-01,19912,20000,636,482,31.9,2026-10-03,19341,20000,1242,987,25.8,2026-10-07,18598,20000,1919,1649,16.4
Pasar Sehat Soreang,SAYURAN BUNCIS,2026-09-30,18000.0,2026-10-01,17893,18000,636,482,31.9,2026-10-03,17403,18000,1242,987,25.8,2026-10-07,16534,18000,1919,1649,16.4
Pasar Stasiun Majalaya,SAYURAN BUNCIS,2026-09-30,20000.0,2026-10-01,19941,20000,636,482,31.9,2026-10-03,19360,20000,1242,987,25.8,2026-10-07,18283,20000,1919,1649,16.4
Pasar Baleendah,SAYURAN KENTANG LOKAL,2026-09-30,13000.0,2026-10-01,12983,13000,636,482,31.9,2026-10-03,12917,13000,1242,987,25.8,2026-10-07,12929,13000,1919,1649,16.4
Pasar Banjaran,SAYURAN KENTANG LOKAL,2026-09-29,15000.0,2026-09-30,14993,15000,636,482,31.9,2026-10-02,14925,15000,1242,987,25.8,2026-10-06,14884,15000,1919,1649,16.4
Pasar Baru Majalaya,SAYURAN KENTANG LOKAL,2026-09-30,15000.0,2026-10-01,14991,15000,636,482,31.9,2026-10-03,14961,15000,1242,987,25.8,2026-10-07,14932,15000,1919,1649,16.4
Pasar Cileunyi,SAYURAN KENTANG LOKAL,2026-09-30,15000.0,2026-10-01,14995,15000,636,482,31.9,2026-10-03,14942,15000,1242,987,25.8,2026-10-07,14853,15000,1919,1649,16.4
Pasar Ciwidey,SAYURAN KENTANG LOKAL,2026-09-30,15000.0,2026-10-01,14999,15000,636,482,31.9,2026-10-03,14940,15000,1242,987,25.8,2026-10-07,14885,15000,1919,1649,16.4
Pasar Margahayu,SAYURAN KENTANG LOKAL,2026-09-30,15000.0,2026-10-01,14993,15000,636,482,31.9,2026-10-03,14947,15000,1242,987,25.8,2026-10-07,14944,15000,1919,1649,16.4
Pasar Sehat Cicalengka,SAYURAN KENTANG LOKAL,2026-09-30,15000.0,2026-10-01,15001,15000,636,482,31.9,2026-10-03,14945,15000,1242,987,25.8,2026-10-07,14891,15000,1919,1649,16.4
Pasar Sehat Soreang,SAYURAN KENTANG LOKAL,2026-09-30,15000.0,2026-10-01,14982,15000,636,482,31.9,2026-10-03,14949,15000,1242,987,25.8,2026-10-07,14893,15000,1919,1649,16.4
Pasar Stasiun Majalaya,SAYURAN KENTANG LOKAL,2026-09-30,15000.0,2026-10-01,14998,15000,636,482,31.9,2026-10-03,14966,15000,1242,987,25.8,2026-10-07,14923,15000,1919,1649,16.4
Pasar Baleendah,SAYURAN KOL/KUBIS,2026-09-30,7000.0,2026-10-01,6990,7000,636,482,31.9,2026-10-03,6985,7000,1242,987,25.8,2026-10-07,6894,7000,1919,1649,16.4
Pasar Banjaran,SAYURAN KOL/KUBIS,2026-09-29,7000.0,2026-09-30,6999,7000,636,482,31.9,2026-10-02,6993,7000,1242,987,25.8,2026-10-06,6904,7000,1919,1649,16.4
Pasar Baru Majalaya,SAYURAN KOL/KUBIS,2026-09-30,7000.0,2026-10-01,6991,7000,636,482,31.9,2026-10-03,7026,7000,1242,987,25.8,2026-10-07,6946,7000,1919,1649,16.4
Pasar Cileunyi,SAYURAN KOL/KUBIS,2026-09-30,7000.0,2026-10-01,7001,7000,636,482,31.9,2026-10-03,7000,7000,1242,987,25.8,2026-10-07,6819,7000,1919,1649,16.4
Pasar Ciwidey,SAYURAN KOL/KUBIS,2026-09-30,8000.0,2026-10-01,8005,8000,636,482,31.9,2026-10-03,7998,8000,1242,987,25.8,2026-10-07,7839,8000,1919,1649,16.4
Pasar Margahayu,SAYURAN KOL/KUBIS,2026-09-30,8000.0,2026-10-01,7999,8000,636,482,31.9,2026-10-03,7993,8000,1242,987,25.8,2026-10-07,7674,8000,1919,1649,16.4
Pasar Sehat Cicalengka,SAYURAN KOL/KUBIS,2026-09-30,8000.0,2026-10-01,8001,8000,636,482,31.9,2026-10-03,8003,8000,1242,987,25.8,2026-10-07,7842,8000,1919,1649,16.4
Pasar Sehat Soreang,SAYURAN KOL/KUBIS,2026-09-30,7000.0,2026-10-01,6989,7000,636,482,31.9,2026-10-03,7007,7000,1242,987,25.8,2026-10-07,6913,7000,1919,1649,16.4
Pasar Stasiun Majalaya,SAYURAN KOL/KUBIS,2026-09-30,7000.0,2026-10-01,6997,7000,636,482,31.9,2026-10-03,7032,7000,1242,987,25.8,2026-10-07,6938,7000,1919,1649,16.4
Pasar Baleendah,SAYURAN TOMAT,2026-09-30,8000.0,2026-10-01,7963,8000,636,482,31.9,2026-10-03,8132,8000,1242,987,25.8,2026-10-07,8525,8000,1919,1649,16.4
Pasar Banjaran,SAYURAN TOMAT,2026-09-29,12000.0,2026-09-30,11921,12000,636,482,31.9,2026-10-02,11969,12000,1242,987,25.8,2026-10-06,11908,12000,1919,1649,16.4
Pasar Baru Majalaya,SAYURAN TOMAT,2026-09-30,9000.0,2026-10-01,9041,9000,636,482,31.9,2026-10-03,9157,9000,1242,987,25.8,2026-10-07,9734,9000,1919,1649,16.4
Pasar Cileunyi,SAYURAN TOMAT,2026-09-30,12000.0,2026-10-01,11987,12000,636,482,31.9,2026-10-03,12122,12000,1242,987,25.8,2026-10-07,12338,12000,1919,1649,16.4
Pasar Ciwidey,SAYURAN TOMAT,2026-09-30,8000.0,2026-10-01,7991,8000,636,482,31.9,2026-10-03,8306,8000,1242,987,25.8,2026-10-07,8104,8000,1919,1649,16.4
Pasar Margahayu,SAYURAN TOMAT,2026-09-30,14000.0,2026-10-01,13933,14000,636,482,31.9,2026-10-03,13958,14000,1242,987,25.8,2026-10-07,14221,14000,1919,1649,16.4
Pasar Sehat Cicalengka,SAYURAN TOMAT,2026-09-30,6000.0,2026-10-01,6053,6000,636,482,31.9,2026-10-03,6163,6000,1242,987,25.8,2026-10-07,6980,6000,1919,1649,16.4
Pasar Sehat Soreang,SAYURAN TOMAT,2026-09-30,8000.0,2026-10-01,8034,8000,636,482,31.9,2026-10-03,8138,8000,1242,987,25.8,2026-10-07,8671,8000,1919,1649,16.4
Pasar Stasiun Majalaya,SAYURAN TOMAT,2026-09-30,7000.0,2026-10-01,7048,7000,636,482,31.9,2026-10-03,7163,7000,1242,987,25.8,2026-10-07,7812,7000,1919,1649,16.4
Pasar Baleendah,SAYURAN WORTEL,2026-09-30,16000.0,2026-10-01,15996,16000,636,482,31.9,2026-10-03,15902,16000,1242,987,25.8,2026-10-07,15663,16000,1919,1649,16.4
Pasar Banjaran,SAYURAN WORTEL,2026-09-29,15000.0,2026-09-30,15003,15000,636,482,31.9,2026-10-02,14909,15000,1242,987,25.8,2026-10-06,14646,15000,1919,1649,16.4
Pasar Baru Majalaya,SAYURAN WORTEL,2026-09-30,16000.0,2026-10-01,15995,16000,636,482,31.9,2026-10-03,15917,16000,1242,987,25.8,2026-10-07,15667,16000,1919,1649,16.4
Pasar Cileunyi,SAYURAN WORTEL,2026-09-30,16000.0,2026-10-01,15993,16000,636,482,31.9,2026-10-03,15911,16000,1242,987,25.8,2026-10-07,15673,16000,1919,1649,16.4
Pasar Ciwidey,SAYURAN WORTEL,2026-09-30,15000.0,2026-10-01,14990,15000,636,482,31.9,2026-10-03,14892,15000,1242,987,25.8,2026-10-07,14594,15000,1919,1649,16.4
Pasar Margahayu,SAYURAN WORTEL,2026-09-30,20000.0,2026-10-01,19937,20000,636,482,31.9,2026-10-03,19849,20000,1242,987,25.8,2026-10-07,19712,20000,1919,1649,16.4
Pasar Sehat Cicalengka,SAYURAN WORTEL,2026-09-30,16000.0,2026-10-01,15997,16000,636,482,31.9,2026-10-03,15914,16000,1242,987,25.8,2026-10-07,15585,16000,1919,1649,16.4
Pasar Sehat Soreang,SAYURAN WORTEL,2026-09-30,16000.0,2026-10-01,15992,16000,636,482,31.9,2026-10-03,15917,16000,1242,987,25.8,2026-10-07,15632,16000,1919,1649,16.4
Pasar Stasiun Majalaya,SAYURAN WORTEL,2026-09-30,16000.0,2026-10-01,16001,16000,636,482,31.9,2026-10-03,15935,16000,1242,987,25.8,2026-10-07,15627,16000,1919,1649,16.4
Pasar Baleendah,TOMAT HIJAU,2026-09-30,6000.0,2026-10-01,5998,6000,636,482,31.9,2026-10-03,6030,6000,1242,987,25.8,2026-10-07,6365,6000,1919,1649,16.4
Pasar Banjaran,TOMAT HIJAU,2026-09-29,6000.0,2026-09-30,6007,6000,636,482,31.9,2026-10-02,6038,6000,1242,987,25.8,2026-10-06,6365,6000,1919,1649,16.4
Pasar Baru Majalaya,TOMAT HIJAU,2026-09-30,7000.0,2026-10-01,6999,7000,636,482,31.9,2026-10-03,7055,7000,1242,987,25.8,2026-10-07,7479,7000,1919,1649,16.4
Pasar Cileunyi,TOMAT HIJAU,2026-09-30,8000.0,2026-10-01,8001,8000,636,482,31.9,2026-10-03,8007,8000,1242,987,25.8,2026-10-07,8278,8000,1919,1649,16.4
Pasar Ciwidey,TOMAT HIJAU,2026-09-30,5000.0,2026-10-01,5005,5000,636,482,31.9,2026-10-03,5030,5000,1242,987,25.8,2026-10-07,5230,5000,1919,1649,16.4
Pasar Margahayu,TOMAT HIJAU,2026-09-30,8000.0,2026-10-01,8007,8000,636,482,31.9,2026-10-03,8025,8000,1242,987,25.8,2026-10-07,8226,8000,1919,1649,16.4
Pasar Sehat Cicalengka,TOMAT HIJAU,2026-09-30,5000.0,2026-10-01,5001,5000,636,482,31.9,2026-10-03,5046,5000,1242,987,25.8,2026-10-07,5634,5000,1919,1649,16.4
Pasar Sehat Soreang,TOMAT HIJAU,2026-09-30,5000.0,2026-10-01,4997,5000,636,482,31.9,2026-10-03,5049,5000,1242,987,25.8,2026-10-07,5469,5000,1919,1649,16.4
Pasar Stasiun Majalaya,TOMAT HIJAU,2026-09-30,7000.0,2026-10-01,7005,7000,636,482,31.9,2026-10-03,7029,7000,1242,987,25.8,2026-10-07,7375,7000,1919,1649,16.4
Pasar Baleendah,UBI JALAR PUTIH,2026-09-30,8000.0,2026-10-01,7998,8000,636,482,31.9,2026-10-03,7946,8000,1242,987,25.8,2026-10-07,7952,8000,1919,1649,16.4
Pasar Banjaran,UBI JALAR PUTIH,2026-09-29,12000.0,2026-09-30,12034,12000,636,482,31.9,2026-10-02,12047,12000,1242,987,25.8,2026-10-06,12338,12000,1919,1649,16.4
Pasar Baru Majalaya,UBI JALAR PUTIH,2026-09-30,7000.0,2026-10-01,6999,7000,636,482,31.9,2026-10-03,6972,7000,1242,987,25.8,2026-10-07,7004,7000,1919,1649,16.4
Pasar Cileunyi,UBI JALAR PUTIH,2026-09-30,8000.0,2026-10-01,8001,8000,636,482,31.9,2026-10-03,7955,8000,1242,987,25.8,2026-10-07,7978,8000,1919,1649,16.4
Pasar Ciwidey,UBI JALAR PUTIH,2026-09-30,9000.0,2026-10-01,9005,9000,636,482,31.9,2026-10-03,8948,9000,1242,987,25.8,2026-10-07,8936,9000,1919,1649,16.4
Pasar Margahayu,UBI JALAR PUTIH,2026-09-30,8000.0,2026-10-01,8007,8000,636,482,31.9,2026-10-03,7974,8000,1242,987,25.8,2026-10-07,8004,8000,1919,1649,16.4
Pasar Sehat Cicalengka,UBI JALAR PUTIH,2026-09-30,8000.0,2026-10-01,8001,8000,636,482,31.9,2026-10-03,7958,8000,1242,987,25.8,2026-10-07,7969,8000,1919,1649,16.4
Pasar Sehat Soreang,UBI JALAR PUTIH,2026-09-30,9000.0,2026-10-01,8997,9000,636,482,31.9,2026-10-03,8962,9000,1242,987,25.8,2026-10-07,8943,9000,1919,1649,16.4
Pasar Stasiun Majalaya,UBI JALAR PUTIH,2026-09-30,8000.0,2026-10-01,8005,8000,636,482,31.9,2026-10-03,7978,8000,1242,987,25.8,2026-10-07,7998,8000,1919,1649,16.4
